{
  "results": {
    "0": [
      73.34634113311768,
      73.04695510864258,
      73.11094260215759,
      73.17102909088135,
      73.0950620174408
    ],
    "1": [
      62.282546281814575,
      62.281083822250366,
      62.23623585700989,
      62.334165811538696,
      62.277058839797974
    ],
    "2": [
      70.32082915306091,
      70.36353087425232,
      70.30591487884521,
      70.39157485961914,
      70.34372758865356
    ],
    "3": [
      70.46720552444458,
      70.41481423377991,
      70.3099296092987,
      70.47417783737183,
      70.46534299850464
    ],
    "4": [
      70.38454246520996,
      70.50789260864258,
      70.40006279945374,
      70.39909267425537,
      70.47664594650269
    ],
    "5": [
      67.51162791252136,
      67.54879832267761,
      67.46864819526672,
      68.31936812400818,
      67.40380573272705
    ],
    "6": [
      69.98195767402649,
      70.00473666191101,
      69.97975754737854,
      69.97172570228577,
      69.97289109230042
    ],
    "7": [
      71.2306215763092,
      71.2467029094696,
      71.26333737373352,
      71.18597531318665,
      71.13023066520691
    ],
    "8": [
      69.92652297019958,
      69.99745035171509,
      69.97250151634216,
      69.99087119102478,
      69.94598364830017
    ],
    "9": [
      67.27513766288757,
      67.2453293800354,
      67.27189373970032,
      67.37159252166748,
      67.22430419921875
    ]
  }
}