{
  "m7g.large": [
    20.63222074508667,
    20.603466510772705,
    20.75904369354248,
    20.75078010559082,
    20.76487112045288,
    20.747125387191772,
    20.741454124450684,
    20.549954891204834,
    20.62830352783203,
    21.086633443832397,
    20.063124418258667,
    20.11208200454712,
    20.11993980407715,
    20.16612958908081,
    20.147221565246582,
    20.266212940216064,
    20.722744703292847,
    20.675848722457886,
    20.583545207977295,
    20.787253618240356,
    20.079166650772095,
    20.126163005828857,
    20.240119218826294,
    20.228320598602295,
    20.160571336746216,
    20.238260984420776,
    20.26862597465515,
    20.402953147888184,
    20.70180320739746,
    20.821675539016724,
    19.93353033065796,
    20.077291011810303,
    20.07073140144348,
    20.348891019821167,
    20.460594177246094,
    20.465102195739746,
    20.56891703605652,
    20.58290123939514,
    19.950497150421143,
    22.51748490333557,
    20.375179529190063,
    20.59692645072937,
    20.590556621551514,
    20.805742502212524,
    20.901448965072632,
    21.077980041503906,
    20.946946144104004,
    21.165597677230835,
    20.96672224998474,
    21.031790256500244,
    19.92761206626892,
    20.00833034515381,
    20.100902318954468,
    20.130239248275757,
    20.670637845993042,
    20.757408618927002,
    20.832224130630493,
    20.802001953125,
    20.923173666000366,
    20.89540410041809,
    20.076152324676514,
    20.068799257278442,
    20.147241592407227,
    20.20923900604248,
    20.305068016052246,
    20.353528261184692,
    20.517942190170288,
    20.621434450149536,
    20.606433391571045,
    20.610383987426758,
    19.858733892440796,
    19.924336433410645,
    20.082457304000854,
    19.92003297805786,
    20.630220651626587,
    20.660741806030273,
    20.734736919403076,
    20.70648717880249,
    20.679936408996582,
    20.77827739715576,
    19.890079736709595,
    19.945112705230713,
    19.96040987968445,
    19.958682537078857,
    20.528849363327026,
    20.51796841621399,
    20.528087377548218,
    20.636981964111328,
    20.6134512424469,
    20.472171783447266,
    20.086782693862915,
    20.107772827148438,
    20.012622356414795,
    20.126062631607056,
    20.26351547241211,
    20.26751184463501,
    20.321616888046265,
    20.36239790916443,
    20.412076711654663,
    20.58613348007202
  ],
  "m5.large": [
    20.56304669380188,
    20.607131481170654,
    20.688786029815674,
    20.654633283615112,
    20.792917490005493,
    21.10976552963257,
    21.25910997390747,
    22.526362419128418,
    22.637853622436523,
    22.861407995224,
    19.86560893058777,
    20.712621927261353,
    20.665220022201538,
    20.672082662582397,
    20.7995343208313,
    20.794386863708496,
    20.79688286781311,
    20.89398956298828,
    20.90122652053833,
    21.985801935195923,
    20.051488161087036,
    20.220173835754395,
    20.21978259086609,
    20.232909202575684,
    20.193477153778076,
    20.33505392074585,
    20.697559118270874,
    22.18145442008972,
    22.265499591827393,
    22.257138967514038,
    20.090534448623657,
    19.952117919921875,
    20.26659870147705,
    20.26581573486328,
    20.36808466911316,
    20.366199254989624,
    20.790049076080322,
    22.163739919662476,
    22.238736391067505,
    22.25420904159546,
    19.91487431526184,
    20.310807943344116,
    20.273326873779297,
    20.39139437675476,
    20.40199112892151,
    21.017143726348877,
    22.041967153549194,
    22.441100358963013,
    22.529807567596436,
    24.581528186798096,
    19.975421667099,
    20.12008762359619,
    20.068348169326782,
    20.83261513710022,
    20.792806148529053,
    20.868171215057373,
    20.862666130065918,
    20.912747621536255,
    20.9521222114563,
    20.996402978897095,
    20.129424333572388,
    20.12816309928894,
    20.150612115859985,
    20.141443252563477,
    20.281766653060913,
    20.367347717285156,
    20.291975498199463,
    20.37170910835266,
    20.37441873550415,
    22.11504101753235,
    19.99960207939148,
    20.00676465034485,
    20.118006944656372,
    20.224475622177124,
    20.15333366394043,
    20.26275062561035,
    20.16163444519043,
    20.706948280334473,
    22.11188316345215,
    22.82189440727234,
    20.04869532585144,
    20.16247272491455,
    20.190162420272827,
    20.178711414337158,
    20.248469352722168,
    20.294697284698486,
    20.76656937599182,
    22.077909231185913,
    22.152263164520264,
    22.84705138206482,
    19.967957258224487,
    20.036243677139282,
    20.05585813522339,
    20.087820053100586,
    20.09748411178589,
    20.22943639755249,
    19.990063428878784,
    20.486453533172607,
    20.529176950454712,
    22.173985719680786
  ]
}